[{"name":"Rostbratwurst mit Zwiebelsoße und Kartoffelpüree","line":"LINIE_1","price":3.2,"type":"PORK","kcal":855.0,"proteins":31.0,"carbs":46.0,"sugar":10.0,"fat":59.0,"saturated":14.0,"salt":10.0,"additives":["1","3","Ge","ML","Se","We"]},{"name":"Gemüse-Weizen-Risotto Joghurtdip","line":"LINIE_1","price":3.2,"type":"VEGETARIAN","kcal":649.0,"proteins":26.0,"carbs":91.0,"sugar":10.0,"fat":18.0,"saturated":3.0,"salt":3.0,"additives":["ML","We"]},{"name":"Gemüse-Knuspernuggets in heller veganer Soja-Kräutersoße und Duftreis","line":"LINIE_2","price":3.5,"type":"VEGAN","kcal":857.0,"proteins":22.0,"carbs":140.0,"sugar":10.0,"fat":21.0,"saturated":10.0,"salt":8.0,"additives":["1","Se","So","We"]},{"name":"Alaska Seelachs - Broccolipfanne mit Nudeln und Bechamelsoße","line":"LINIE_3","price":3.05,"type":"MSC","kcal":1094.0,"proteins":47.0,"carbs":125.0,"sugar":10.0,"fat":42.0,"saturated":18.0,"salt":3.0,"additives":["1","Fi","ML","Se","We"]},{"name":"Blattsalat Bohnensalat","line":"LINIE_4","price":0.9,"type":"VEGAN","kcal":84.0,"proteins":2.0,"carbs":4.0,"sugar":1.0,"fat":4.0,"saturated":0.0,"salt":0.0,"additives":[""]},{"name":"Dönerteller mit Hähnchenfleisch","line":"LINIE_5","price":3.4,"type":"NONE","kcal":423.0,"proteins":36.0,"carbs":9.0,"sugar":7.0,"fat":25.0,"saturated":0.0,"salt":1.0,"additives":["Se"]},{"name":"Blattsalat Bohnensalat","line":"LINIE_5","price":0.9,"type":"VEGAN","kcal":84.0,"proteins":2.0,"carbs":4.0,"sugar":1.0,"fat":4.0,"saturated":0.0,"salt":0.0,"additives":[""]},{"name":"Erbsen - Maisgemüse","line":"LINIE_5","price":0.9,"type":"VEGAN","kcal":223.0,"proteins":8.0,"carbs":23.0,"sugar":3.0,"fat":9.0,"saturated":4.0,"salt":2.0,"additives":["1","Se"]},{"name":"Schweine- und Hähnchenschnitzel, vegetarische Leckereien, Salatbuffet und Pommes - alles zur Wahl zu einem Preis","line":"SCHNITZELBAR","price":1.05,"type":"PORK","kcal":837.0,"proteins":32.0,"carbs":62.0,"sugar":8.0,"fat":49.0,"saturated":5.0,"salt":3.0,"additives":["4","5","Ei","Hf","ML","Se","Sn","So","We"]},{"name":"Hamburger Buffet Preis je 100 g","line":"LINIE_6","price":1.05,"type":"BEEF","kcal":597.0,"proteins":33.0,"carbs":55.0,"sugar":7.0,"fat":25.0,"saturated":10.0,"salt":4.0,"additives":["1","2","3","Ei","ML","Sa","Sf","Sn","We"]},{"name":"Reine Kalbsbratwurst mit Currysoße","line":"KOERIWERK","price":2.1,"type":"BEEF","kcal":527.0,"proteins":11.0,"carbs":35.0,"sugar":32.0,"fat":37.0,"saturated":13.0,"salt":5.0,"additives":["Se","Sn"]},{"name":"Vegane Tofu - Bratwurst mit Currysoße","line":"KOERIWERK","price":2.1,"type":"VEGAN","kcal":556.0,"proteins":26.0,"carbs":37.0,"sugar":34.0,"fat":32.0,"saturated":3.0,"salt":4.0,"additives":["Ma","Se","Sn","So","We"]},{"name":"koerifrites","line":"KOERIWERK","price":1.3,"type":"VEGAN","kcal":737.0,"proteins":7.0,"carbs":67.0,"sugar":0.0,"fat":47.0,"saturated":8.0,"salt":2.0,"additives":[""]},{"name":"Schweinefrikadelle mit Brötchen","line":"CAFETERIA","price":2.7,"type":"PORK","kcal":0.0,"proteins":0.0,"carbs":0.0,"sugar":0.0,"fat":0.0,"saturated":0.0,"salt":0.0,"additives":["Ei","Ge","We"]},{"name":"Pizza Thunfisch - rote Zwiebeln, schwarze Oliven und Kapern","line":"PIZZAWERK","price":4.55,"type":"NONE","kcal":1257.0,"proteins":55.0,"carbs":138.0,"sugar":7.0,"fat":51.0,"saturated":22.0,"salt":7.0,"additives":["2","8","Ei","Fi","LAB","ML","So","We"]},{"name":"Pizza Funghi - frische Champignons, Frühlingszwiebeln","line":"PIZZAWERK","price":4.35,"type":"VEGETARIAN","kcal":1121.0,"proteins":47.0,"carbs":138.0,"sugar":5.0,"fat":40.0,"saturated":16.0,"salt":6.0,"additives":["ML","We"]},{"name":"Pizza Funghi vegan - frische Champignons, Frühlingszwiebeln und vegane Käsealternative","line":"PIZZAWERK","price":4.35,"type":"VEGAN","kcal":1002.0,"proteins":25.0,"carbs":157.0,"sugar":6.0,"fat":28.0,"saturated":11.0,"salt":6.0,"additives":["1","We"]},{"name":"Pizza Margherita vegetarisch - frische Tomaten, Mozzarella, Basilikumpesto","line":"PIZZAWERK","price":4.05,"type":"NONE","kcal":1229.0,"proteins":53.0,"carbs":139.0,"sugar":8.0,"fat":49.0,"saturated":20.0,"salt":7.0,"additives":["2","Ei","LAB","ML","We"]}]
