[{"name":"Scharfe Sombrero - Reispfanne mit Hackfleisch, Gemüse und Tomatensoße","line":"LINIE_1","price":3.2,"type":"BEEF","kcal":718.0,"proteins":40.0,"carbs":107.0,"sugar":6.0,"fat":13.0,"saturated":3.0,"salt":2.0,"additives":["Se","We"]},{"name":"Scharfe Sombrero - Reispfanne mit knusprigen Gemüse Crossini und Tomatensoße","line":"LINIE_1","price":3.2,"type":"VEGETARIAN","kcal":851.0,"proteins":26.0,"carbs":136.0,"sugar":22.0,"fat":20.0,"saturated":4.0,"salt":3.0,"additives":["ML","Se","So","We"]},{"name":"Sellerieschnitzel mit Ratatouille und Ofenkartoffel","line":"LINIE_2","price":3.5,"type":"VEGAN","kcal":501.0,"proteins":7.0,"carbs":28.0,"sugar":10.0,"fat":37.0,"saturated":3.0,"salt":3.0,"additives":["Se","We"]},{"name":"Veganes Tagesdessert","line":"LINIE_2","price":1.05,"type":"VEGAN","kcal":0.0,"proteins":0.0,"carbs":0.0,"sugar":0.0,"fat":0.0,"saturated":0.0,"salt":0.0,"additives":[""]},{"name":"Spätzle-Pilz-Pfanne","line":"LINIE_3","price":2.95,"type":"VEGETARIAN","kcal":470.0,"proteins":16.0,"carbs":34.0,"sugar":2.0,"fat":28.0,"saturated":13.0,"salt":2.0,"additives":["1","Di","Ei","We"]},{"name":"Blattsalat Gurkensalat","line":"LINIE_3","price":0.9,"type":"VEGAN","kcal":116.0,"proteins":1.0,"carbs":5.0,"sugar":5.0,"fat":9.0,"saturated":0.0,"salt":2.0,"additives":["Sn"]},{"name":"Hausgemachte Gnocchi in Bechamelsoße mit Speckwürfel","line":"LINIE_4","price":3.5,"type":"PORK","kcal":1319.0,"proteins":33.0,"carbs":132.0,"sugar":8.0,"fat":72.0,"saturated":26.0,"salt":8.0,"additives":["1","3","5","ML","Se","Sf","We"]},{"name":"Hausgemachte Gnocchi in fruchtiger Tomatensoße mit Balkangemüse","line":"LINIE_4","price":3.2,"type":"VEGAN","kcal":1264.0,"proteins":25.0,"carbs":165.0,"sugar":22.0,"fat":54.0,"saturated":5.0,"salt":11.0,"additives":["Se","Sf","We"]},{"name":"Blattsalat Gurkensalat","line":"LINIE_4","price":0.9,"type":"VEGAN","kcal":116.0,"proteins":1.0,"carbs":5.0,"sugar":5.0,"fat":9.0,"saturated":0.0,"salt":2.0,"additives":["Sn"]},{"name":"Atlantik Kabeljau mit Parmesankruste und Kräutersoße","line":"LINIE_5","price":5.95,"type":"MSC","kcal":639.0,"proteins":52.0,"carbs":15.0,"sugar":3.0,"fat":41.0,"saturated":14.0,"salt":3.0,"additives":["1","2","Ei","Fi","LAB","ML","Se","We"]},{"name":"Gemüse nach Angebot des Tage","line":"LINIE_5","price":0.9,"type":"NONE","kcal":0.0,"proteins":0.0,"carbs":0.0,"sugar":0.0,"fat":0.0,"saturated":0.0,"salt":0.0,"additives":[""]},{"name":"Blattsalat Gurkensalat","line":"LINIE_5","price":0.9,"type":"VEGAN","kcal":116.0,"proteins":1.0,"carbs":5.0,"sugar":5.0,"fat":9.0,"saturated":0.0,"salt":2.0,"additives":["Sn"]},{"name":"Creme mit Stracciatellageschmack Ananasquark","line":"LINIE_5","price":0.85,"type":"VEGETARIAN","kcal":296.0,"proteins":20.0,"carbs":36.0,"sugar":31.0,"fat":7.0,"saturated":4.0,"salt":0.0,"additives":["ML"]},{"name":"Dampfkartoffeln","line":"LINIE_5","price":0.85,"type":"VEGAN","kcal":173.0,"proteins":4.0,"carbs":35.0,"sugar":2.0,"fat":0.0,"saturated":0.0,"salt":1.0,"additives":[""]},{"name":"Schweine- und Hähnchenschnitzel, vegetarische Leckereien, Salatbuffet und Pommes - alles zur Wahl zu einem Preis","line":"SCHNITZELBAR","price":1.05,"type":"PORK","kcal":837.0,"proteins":32.0,"carbs":62.0,"sugar":8.0,"fat":49.0,"saturated":5.0,"salt":3.0,"additives":["4","5","Ei","Hf","ML","Se","Sn","So","We"]},{"name":"Creme mit Stracciatellageschmack Ananasquark","line":"SCHNITZELBAR","price":0.85,"type":"VEGETARIAN","kcal":296.0,"proteins":20.0,"carbs":36.0,"sugar":31.0,"fat":7.0,"saturated":4.0,"salt":0.0,"additives":["ML"]},{"name":"Reine Kalbsbratwurst mit Currysoße","line":"KOERIWERK","price":2.1,"type":"BEEF","kcal":527.0,"proteins":11.0,"carbs":35.0,"sugar":32.0,"fat":37.0,"saturated":13.0,"salt":5.0,"additives":["Se","Sn"]},{"name":"Vegane Tofu-Bratwurst mit Currysoße","line":"KOERIWERK","price":2.1,"type":"VEGAN","kcal":556.0,"proteins":26.0,"carbs":37.0,"sugar":34.0,"fat":32.0,"saturated":3.0,"salt":4.0,"additives":["Ma","Se","Sn","So","We"]},{"name":"koerifrites","line":"KOERIWERK","price":1.3,"type":"VEGAN","kcal":737.0,"proteins":7.0,"carbs":67.0,"sugar":0.0,"fat":47.0,"saturated":8.0,"salt":2.0,"additives":[""]},{"name":"Hähnchenschnitzel mit Brötchen","line":"CAFETERIA","price":2.8,"type":"NONE","kcal":0.0,"proteins":0.0,"carbs":0.0,"sugar":0.0,"fat":0.0,"saturated":0.0,"salt":0.0,"additives":["1","3","Ge","We"]},{"name":"Pizza Prosciutto cotto - italienischer gekochter Schinken, Cocktailtomaten und Mozzarella","line":"PIZZAWERK","price":4.75,"type":"PORK","kcal":1134.0,"proteins":56.0,"carbs":143.0,"sugar":8.0,"fat":34.0,"saturated":16.0,"salt":8.0,"additives":["2","3","ML","We"]},{"name":"Pizza Spinaci - Gorgonzola und Spinat","line":"PIZZAWERK","price":4.45,"type":"VEGETARIAN","kcal":1157.0,"proteins":54.0,"carbs":137.0,"sugar":5.0,"fat":41.0,"saturated":22.0,"salt":7.0,"additives":["ML","We"]},{"name":"Pizza Margherita vegetarisch - frische Tomaten, Mozzarella, Basilikumpesto","line":"PIZZAWERK","price":4.05,"type":"NONE","kcal":1230.0,"proteins":53.0,"carbs":139.0,"sugar":8.0,"fat":49.0,"saturated":20.0,"salt":7.0,"additives":["2","Ei","LAB","ML","We"]}]
