[{"name":"Mediterrane Kartoffel-Gemüsepfanne mit Schweinefleischstreifen und Kräuterdip","line":"LINIE_1","price":3.2,"type":"PORK","kcal":1237.0,"proteins":35.0,"carbs":50.0,"sugar":10.0,"fat":98.0,"saturated":14.0,"salt":4.0,"additives":["ML","Sn"]},{"name":"Mediterrane Kartoffel-Gemüsepfanne mit Sojastreifen und Kräuterdip","line":"LINIE_1","price":3.2,"type":"VEGETARIAN","kcal":1118.0,"proteins":41.0,"carbs":56.0,"sugar":16.0,"fat":77.0,"saturated":6.0,"salt":3.0,"additives":["ML","Sn","So"]},{"name":"Zartweizen-Kartoffel-Gratin mit roter Bete und Karotten","line":"LINIE_2","price":3.3,"type":"VEGAN","kcal":566.0,"proteins":28.0,"carbs":79.0,"sugar":4.0,"fat":13.0,"saturated":2.0,"salt":3.0,"additives":["9","Se","So","We"]},{"name":"Ragout von frischer Ananas","line":"LINIE_2","price":1.05,"type":"VEGAN","kcal":0.0,"proteins":0.0,"carbs":0.0,"sugar":0.0,"fat":0.0,"saturated":0.0,"salt":0.0,"additives":[""]},{"name":"Nudel - Tajine mit Fenchel","line":"LINIE_3","price":2.95,"type":"VEGAN","kcal":689.0,"proteins":21.0,"carbs":111.0,"sugar":21.0,"fat":15.0,"saturated":2.0,"salt":2.0,"additives":["Sa","Se","We"]},{"name":"Blattsalat","line":"LINIE_4","price":0.9,"type":"NONE","kcal":0.0,"proteins":0.0,"carbs":0.0,"sugar":0.0,"fat":0.0,"saturated":0.0,"salt":0.0,"additives":[""]},{"name":"Paniertes Alaska Seelachsfilet mit Kräuterdip","line":"LINIE_5","price":3.7,"type":"MSC","kcal":791.0,"proteins":34.0,"carbs":31.0,"sugar":5.0,"fat":58.0,"saturated":5.0,"salt":2.0,"additives":["Fi","ML","Sn","We"]},{"name":"Blattsalat","line":"LINIE_5","price":0.9,"type":"NONE","kcal":0.0,"proteins":0.0,"carbs":0.0,"sugar":0.0,"fat":0.0,"saturated":0.0,"salt":0.0,"additives":[""]},{"name":"Broccoligemüse","line":"LINIE_5","price":0.9,"type":"VEGAN","kcal":64.0,"proteins":6.0,"carbs":4.0,"sugar":4.0,"fat":1.0,"saturated":0.0,"salt":2.0,"additives":["1","Se"]},{"name":"Schweine- und Hähnchenschnitzel, vegetarische Leckereien, Salatbuffet und Pommes - alles zur Wahl zu einem Preis","line":"SCHNITZELBAR","price":1.05,"type":"PORK","kcal":837.0,"proteins":32.0,"carbs":62.0,"sugar":8.0,"fat":49.0,"saturated":5.0,"salt":3.0,"additives":["4","5","Ei","Hf","ML","Se","Sn","So","We"]},{"name":"Ragout von frischer Ananas","line":"SCHNITZELBAR","price":1.05,"type":"VEGAN","kcal":0.0,"proteins":0.0,"carbs":0.0,"sugar":0.0,"fat":0.0,"saturated":0.0,"salt":0.0,"additives":[""]},{"name":"Hamburger Buffet Preis je 100 g","line":"LINIE_6","price":1.05,"type":"BEEF","kcal":596.0,"proteins":33.0,"carbs":55.0,"sugar":7.0,"fat":25.0,"saturated":10.0,"salt":4.0,"additives":["1","2","3","Ei","ML","Sa","Sf","Sn","We"]},{"name":"Reine Kalbsbratwurst mit Currysoße","line":"KOERIWERK","price":2.1,"type":"BEEF","kcal":527.0,"proteins":11.0,"carbs":35.0,"sugar":32.0,"fat":37.0,"saturated":13.0,"salt":5.0,"additives":["Se","Sn"]},{"name":"Vegane Tofu - Bratwurst mit Currysoße","line":"KOERIWERK","price":2.1,"type":"VEGAN","kcal":556.0,"proteins":26.0,"carbs":37.0,"sugar":34.0,"fat":32.0,"saturated":3.0,"salt":4.0,"additives":["Ma","Se","Sn","So","We"]},{"name":"koerifrites","line":"KOERIWERK","price":1.3,"type":"VEGAN","kcal":737.0,"proteins":7.0,"carbs":67.0,"sugar":0.0,"fat":47.0,"saturated":8.0,"salt":2.0,"additives":[""]},{"name":"Hähnchenschnitzel mit Brötchen","line":"CAFETERIA","price":2.8,"type":"NONE","kcal":0.0,"proteins":0.0,"carbs":0.0,"sugar":0.0,"fat":0.0,"saturated":0.0,"salt":0.0,"additives":["1","3","Ge","We"]},{"name":"Pizza Thunfisch - rote Zwiebeln, schwarze Oliven und Kapern","line":"PIZZAWERK","price":4.55,"type":"NONE","kcal":1257.0,"proteins":55.0,"carbs":138.0,"sugar":7.0,"fat":51.0,"saturated":22.0,"salt":7.0,"additives":["2","8","Ei","Fi","LAB","ML","So","We"]},{"name":"Pizza Funghi - frische Champignons, Frühlingszwiebeln","line":"PIZZAWERK","price":4.35,"type":"VEGETARIAN","kcal":1121.0,"proteins":47.0,"carbs":138.0,"sugar":5.0,"fat":40.0,"saturated":16.0,"salt":6.0,"additives":["ML","We"]},{"name":"Pizza Funghi vegan - frische Champignons, Frühlingszwiebeln und vegane Käsealternative","line":"PIZZAWERK","price":4.35,"type":"VEGAN","kcal":1002.0,"proteins":25.0,"carbs":157.0,"sugar":6.0,"fat":28.0,"saturated":11.0,"salt":6.0,"additives":["1","We"]},{"name":"Pizza Margherita vegetarisch - frische Tomaten, Mozzarella, Basilikumpesto","line":"PIZZAWERK","price":4.05,"type":"NONE","kcal":1229.0,"proteins":53.0,"carbs":139.0,"sugar":8.0,"fat":49.0,"saturated":20.0,"salt":7.0,"additives":["2","Ei","LAB","ML","We"]}]
