[{"name":"Pasta mit Broccoli - Schinkensoße und Reibekäse","line":"LINIE_1","price":3.2,"type":"PORK","kcal":743.0,"proteins":37.0,"carbs":87.0,"sugar":7.0,"fat":24.0,"saturated":13.0,"salt":4.0,"additives":["1","2","3","ML","Se","We"]},{"name":"Pasta mit Rote Linsen - Bolognese und Reibekäse","line":"LINIE_1","price":3.2,"type":"VEGETARIAN","kcal":1173.0,"proteins":62.0,"carbs":152.0,"sugar":10.0,"fat":28.0,"saturated":9.0,"salt":5.0,"additives":["ML","Se","We"]},{"name":"Kichererbsen - Kokos - Korma mit Mandel - Duftreis","line":"LINIE_2","price":3.5,"type":"VEGAN","kcal":796.0,"proteins":19.0,"carbs":107.0,"sugar":16.0,"fat":29.0,"saturated":15.0,"salt":1.0,"additives":["Ma"]},{"name":"Solidaritätsessen: Vegane Paella","line":"LINIE_3","price":2.55,"type":"VEGAN","kcal":690.0,"proteins":14.0,"carbs":104.0,"sugar":0.0,"fat":22.0,"saturated":2.0,"salt":4.0,"additives":["3","8","Se"]},{"name":"Blattsalat Kohlrabisalat mit Äpfeln","line":"LINIE_3","price":0.9,"type":"VEGAN","kcal":145.0,"proteins":2.0,"carbs":10.0,"sugar":10.0,"fat":9.0,"saturated":0.0,"salt":2.0,"additives":[""]},{"name":"Hausgemachte Gnocchi in Tomatensoße mit Hähnchenbrusttaler","line":"LINIE_4","price":3.5,"type":"NONE","kcal":1352.0,"proteins":45.0,"carbs":162.0,"sugar":19.0,"fat":56.0,"saturated":5.0,"salt":11.0,"additives":["Se","Sf","We"]},{"name":"Hausgemachte Gnocchi in heller veganer Soja-Kräutersoße mit Zucchini","line":"LINIE_4","price":3.2,"type":"VEGAN","kcal":1042.0,"proteins":24.0,"carbs":134.0,"sugar":6.0,"fat":44.0,"saturated":11.0,"salt":10.0,"additives":["1","Se","Sf","So","We"]},{"name":"Blattsalat Kohlrabisalat mit Äpfeln","line":"LINIE_4","price":0.9,"type":"VEGAN","kcal":145.0,"proteins":2.0,"carbs":10.0,"sugar":10.0,"fat":9.0,"saturated":0.0,"salt":2.0,"additives":[""]},{"name":"Kalbfleischbällchen mit Paprikasoße","line":"LINIE_5","price":3.3,"type":"BEEF","kcal":394.0,"proteins":30.0,"carbs":14.0,"sugar":1.0,"fat":23.0,"saturated":9.0,"salt":7.0,"additives":["3","Ei","Se","We"]},{"name":"Ofenkartoffel","line":"LINIE_5","price":1.05,"type":"VEGAN","kcal":295.0,"proteins":6.0,"carbs":44.0,"sugar":2.0,"fat":9.0,"saturated":0.0,"salt":1.0,"additives":[""]},{"name":"Blattsalat Kohlrabisalat mit Äpfeln","line":"LINIE_5","price":0.9,"type":"VEGAN","kcal":145.0,"proteins":2.0,"carbs":10.0,"sugar":10.0,"fat":9.0,"saturated":0.0,"salt":2.0,"additives":[""]},{"name":"Balkangemüse","line":"LINIE_5","price":0.9,"type":"VEGAN","kcal":154.0,"proteins":3.0,"carbs":15.0,"sugar":9.0,"fat":7.0,"saturated":3.0,"salt":1.0,"additives":["1","Se"]},{"name":"Creme mit Stracciatellageschmack","line":"LINIE_5","price":0.85,"type":"VEGETARIAN","kcal":175.0,"proteins":5.0,"carbs":23.0,"sugar":18.0,"fat":6.0,"saturated":3.0,"salt":0.0,"additives":["ML"]},{"name":"Langkornreis","line":"LINIE_5","price":0.85,"type":"VEGAN","kcal":401.0,"proteins":7.0,"carbs":76.0,"sugar":0.0,"fat":6.0,"saturated":1.0,"salt":2.0,"additives":["1"]},{"name":"Schweine- und Hähnchenschnitzel, vegetarische Leckereien, Salatbuffet und Pommes - alles zur Wahl zu einem Preis","line":"SCHNITZELBAR","price":1.05,"type":"PORK","kcal":837.0,"proteins":32.0,"carbs":62.0,"sugar":8.0,"fat":49.0,"saturated":5.0,"salt":3.0,"additives":["4","5","Ei","Hf","ML","Se","Sn","So","We"]},{"name":"Creme mit Stracciatellageschmack","line":"SCHNITZELBAR","price":0.85,"type":"VEGETARIAN","kcal":175.0,"proteins":5.0,"carbs":23.0,"sugar":18.0,"fat":6.0,"saturated":3.0,"salt":0.0,"additives":["ML"]},{"name":"Hamburger Buffet Preis je 100 g","line":"LINIE_6","price":1.05,"type":"BEEF","kcal":597.0,"proteins":33.0,"carbs":55.0,"sugar":7.0,"fat":25.0,"saturated":10.0,"salt":4.0,"additives":["1","2","3","Ei","ML","Sa","Sf","Sn","We"]},{"name":"Salatbuffet mit frischer Rohkost, Blattsalate und hausgemachten Dressings, Preis je 100 g","line":"LINIE_6","price":1.0,"type":"VEGAN","kcal":0.0,"proteins":0.0,"carbs":0.0,"sugar":0.0,"fat":0.0,"saturated":0.0,"salt":0.0,"additives":["Se","Sn"]},{"name":"Reine Kalbsbratwurst mit Currysoße","line":"KOERIWERK","price":2.1,"type":"BEEF","kcal":527.0,"proteins":11.0,"carbs":35.0,"sugar":32.0,"fat":37.0,"saturated":13.0,"salt":5.0,"additives":["Se","Sn"]},{"name":"Vegane Tofu-Bratwurst mit Currysoße","line":"KOERIWERK","price":2.1,"type":"VEGAN","kcal":556.0,"proteins":26.0,"carbs":37.0,"sugar":34.0,"fat":32.0,"saturated":3.0,"salt":4.0,"additives":["Ma","Se","Sn","So","We"]},{"name":"koerifrites","line":"KOERIWERK","price":1.3,"type":"VEGAN","kcal":737.0,"proteins":7.0,"carbs":67.0,"sugar":0.0,"fat":47.0,"saturated":8.0,"salt":2.0,"additives":[""]},{"name":"Schweinefrikadelle mit Brötchen","line":"CAFETERIA","price":2.7,"type":"PORK","kcal":0.0,"proteins":0.0,"carbs":0.0,"sugar":0.0,"fat":0.0,"saturated":0.0,"salt":0.0,"additives":["Ei","Ge","We"]},{"name":"Pizza Prosciutto cotto - italienischer gekochter Schinken, Cocktailtomaten und Mozzarella","line":"PIZZAWERK","price":4.75,"type":"PORK","kcal":1134.0,"proteins":56.0,"carbs":143.0,"sugar":8.0,"fat":34.0,"saturated":16.0,"salt":8.0,"additives":["2","3","ML","We"]},{"name":"Pizza Spinaci - Gorgonzola und Spinat","line":"PIZZAWERK","price":4.45,"type":"VEGETARIAN","kcal":1157.0,"proteins":54.0,"carbs":137.0,"sugar":5.0,"fat":41.0,"saturated":22.0,"salt":7.0,"additives":["ML","We"]},{"name":"Pizza Margherita vegetarisch - frische Tomaten, Mozzarella, Basilikumpesto","line":"PIZZAWERK","price":4.05,"type":"NONE","kcal":1230.0,"proteins":53.0,"carbs":139.0,"sugar":8.0,"fat":49.0,"saturated":20.0,"salt":7.0,"additives":["2","Ei","LAB","ML","We"]}]
